file,start,end,message,severity
"native\common\src\components\complex\collapsible.tsx","132:28","132:43","Parameter 'shouldBeToggled' implicitly has an 'any' type, but a better type may be inferred from usa","warning"
"native\common\src\components\dataEntry\inputs\color.tsx","24:38","24:39","Parameter 'e' implicitly has an 'any' type, but a better type may be inferred from usage.","warning"
"native\common\src\utils\utilityFunctions.ts","382:39","382:46","Rest parameter 'args' implicitly has an 'any[]' type, but a better type may be inferred from usage.","warning"
"native\common\src\utils\utilityFunctions.ts","183:88","183:97","Member 'webStyles' implicitly has an 'any' type, but a better type may be inferred from usage.","warning"
"native\common\src\utils\utilityFunctions.ts","183:80","183:85","Member 'style' implicitly has an 'any' type, but a better type may be inferred from usage.","warning"
"native\common\src\utils\utilityFunctions.ts","183:53","183:62","Member 'webStyles' implicitly has an 'any' type, but a better type may be inferred from usage.","warning"
"native\common\src\utils\utilityFunctions.ts","183:45","183:50","Member 'style' implicitly has an 'any' type, but a better type may be inferred from usage.","warning"
"native\common\src\utils\utilityFunctions.ts","29:27","29:34","Rest parameter 'args' implicitly has an 'any[]' type, but a better type may be inferred from usage.","warning"
"native\common\src\utils\utilityFunctions.ts","24:15","24:21","Variable 'result' implicitly has an 'any' type, but a better type may be inferred from usage.","warning"
"native\common\src\utils\utilityFunctions.ts","24:12","24:13","Variable 'b' implicitly has an 'any' type, but a better type may be inferred from usage.","warning"
"native\common\src\utils\utilityFunctions.ts","24:9","24:10","Variable 'a' implicitly has an 'any' type, but a better type may be inferred from usage.","warning"
"native\common\src\utils\hubs.ts","251:9","251:14","'JobId' is declared but its value is never read.","warning"
"native\common\src\utils\hubs.ts","250:5","250:22","'JobUnsubscribeObj' is declared but its value is never read.","warning"
"native\common\src\utils\hubs.ts","247:9","247:22","'ProcessAction' is declared but its value is never read.","warning"
"native\common\src\utils\hubs.ts","246:5","246:16","'JobBatchObj' is declared but its value is never read.","warning"
"native\common\src\utils\hubs.ts","235:5","243:24","All variables are unused.","warning"
"native\common\src\utils\hubs.ts","234:5","234:15","'JobInfoObj' is declared but its value is never read.","warning"
"native\common\src\utils\hubs.ts","223:5","231:23","All variables are unused.","warning"
"native\common\src\utils\hubs.ts","222:5","222:19","'JobWorkbookObj' is declared but its value is never read.","warning"
"native\common\src\utils\hubs.ts","215:5","219:24","All variables are unused.","warning"
"native\common\src\utils\hubs.ts","214:5","214:19","'JobInstructObj' is declared but its value is never read.","warning"
"native\common\src\utils\hubs.ts","203:23","203:29","Parameter 'reason' implicitly has an 'any' type, but a better type may be inferred from usage.","warning"
"native\common\src\utils\hubs.ts","154:29","154:32","Parameter 'res' implicitly has an 'any' type, but a better type may be inferred from usage.","warning"
"native\common\src\utils\hubs.ts","139:17","139:38","Member 'unsubscribeFromJobHub' implicitly has an 'any' type, but a better type may be inferred from ","warning"
"native\common\src\utils\hubs.ts","138:17","138:28","Member 'killJobById' implicitly has an 'any' type, but a better type may be inferred from usage.","warning"
"native\common\src\utils\hubs.ts","137:17","137:32","Member 'getConnectionId' implicitly has an 'any' type, but a better type may be inferred from usage.","warning"
"native\common\src\utils\hubs.ts","136:17","136:24","Member 'getJobs' implicitly has an 'any' type, but a better type may be inferred from usage.","warning"
"native\common\src\utils\hubs.ts","135:17","135:27","Member 'getJobInfo' implicitly has an 'any' type, but a better type may be inferred from usage.","warning"
"native\common\src\utils\hubs.ts","134:17","134:25","Member 'queueJob' implicitly has an 'any' type, but a better type may be inferred from usage.","warning"
"native\common\src\utils\hubs.ts","131:17","131:36","Member 'receiveKillJobError' implicitly has an 'any' type, but a better type may be inferred from us","warning"
"native\common\src\utils\hubs.ts","130:17","130:43","Member 'receiveKillJobConfirmation' implicitly has an 'any' type, but a better type may be inferred ","warning"
"native\common\src\utils\hubs.ts","129:17","129:36","Member 'receiveConnectionId' implicitly has an 'any' type, but a better type may be inferred from us","warning"
"native\common\src\utils\hubs.ts","128:17","128:32","Member 'receiveJobError' implicitly has an 'any' type, but a better type may be inferred from usage.","warning"
"native\common\src\utils\hubs.ts","127:17","127:31","Member 'receiveGetJobs' implicitly has an 'any' type, but a better type may be inferred from usage.","warning"
"native\common\src\utils\hubs.ts","126:17","126:34","Member 'receiveGetJobInfo' implicitly has an 'any' type, but a better type may be inferred from usag","warning"
"native\common\src\utils\hubs.ts","125:17","125:32","Member 'receiveQueueJob' implicitly has an 'any' type, but a better type may be inferred from usage.","warning"
"native\common\src\utils\hubs.ts","120:13","120:25","Member 'disconnected' implicitly has an 'any' type, but a better type may be inferred from usage.","warning"
"native\common\src\utils\hubs.ts","119:13","119:17","Member 'done' implicitly has an 'any' type, but a better type may be inferred from usage.","warning"
"native\common\src\utils\hubs.ts","118:13","118:18","Member 'start' implicitly has an 'any' type, but a better type may be inferred from usage.","warning"
"native\common\src\utils\hubs.ts","98:27","98:30","Parameter 'res' implicitly has an 'any' type, but a better type may be inferred from usage.","warning"
"native\common\src\utils\hubs.ts","89:16","89:19","Parameter 'res' implicitly has an 'any' type, but a better type may be inferred from usage.","warning"
"native\common\src\utils\hubs.ts","87:25","87:33","Parameter 'instruct' implicitly has an 'any' type, but a better type may be inferred from usage.","warning"
"native\common\src\utils\hubs.ts","85:20","85:28","Parameter 'instruct' implicitly has an 'any' type, but a better type may be inferred from usage.","warning"
"native\common\src\utils\hubs.ts","84:28","84:36","Parameter 'instruct' implicitly has an 'any' type, but a better type may be inferred from usage.","warning"
"native\common\src\utils\hubs.ts","83:24","83:32","Parameter 'instruct' implicitly has an 'any' type, but a better type may be inferred from usage.","warning"
"native\common\src\utils\hubs.ts","82:30","82:38","Parameter 'instruct' implicitly has an 'any' type, but a better type may be inferred from usage.","warning"
"native\common\src\utils\hubs.ts","81:16","81:24","Parameter 'instruct' implicitly has an 'any' type, but a better type may be inferred from usage.","warning"
"native\common\src\utils\hubs.ts","80:19","80:27","Parameter 'instruct' implicitly has an 'any' type, but a better type may be inferred from usage.","warning"
"native\common\src\utils\hubs.ts","79:17","79:25","Parameter 'instruct' implicitly has an 'any' type, but a better type may be inferred from usage.","warning"
"native\common\src\utils\hubs.ts","76:6","76:23","'JobHubMethodNames' is declared but never used.","warning"
"native\common\src\utils\hubs.ts","70:26","70:37","Parameter 'onRejected' implicitly has an 'any' type, but a better type may be inferred from usage.","warning"
"native\common\src\utils\hubs.ts","70:13","70:24","Parameter 'onFulfilled' implicitly has an 'any' type, but a better type may be inferred from usage.","warning"
"native\common\src\utils\hubs.ts","66:22","66:24","Parameter 'cb' implicitly has an 'any' type, but a better type may be inferred from usage.","warning"
"native\common\src\utils\hubs.ts","58:12","58:15","'res' is declared but its value is never read.","warning"
"native\common\src\utils\hubs.ts","58:12","58:15","Parameter 'res' implicitly has an 'any' type, but a better type may be inferred from usage.","warning"
"native\common\src\utils\hubs.ts","48:17","48:20","Parameter 'res' implicitly has an 'any' type, but a better type may be inferred from usage.","warning"
"native\common\src\utils\hubs.ts","36:31","36:37","'reject' is declared but its value is never read.","warning"
"native\common\src\utils\hubs.ts","28:26","28:34","Parameter 'instruct' implicitly has an 'any' type, but a better type may be inferred from usage.","warning"
"native\common\src\utils\globalClick.tsx","9:35","9:40","Parameter 'props' implicitly has an 'any' type, but a better type may be inferred from usage.","warning"
"native\common\src\utils\fetchData.tsx","256:13","256:27","Variable 'currentPromise' implicitly has an 'any' type, but a better type may be inferred from usage","warning"
"native\common\src\utils\fetchData.tsx","28:9","28:16","Variable 'content' implicitly has an 'any' type, but a better type may be inferred from usage.","warning"
"native\common\src\utils\fetchData.tsx","27:41","27:51","Parameter 'methodName' implicitly has an 'any' type, but a better type may be inferred from usage.","warning"
"native\common\src\utils\fetchData.tsx","27:36","27:39","Parameter 'res' implicitly has an 'any' type, but a better type may be inferred from usage.","warning"
"native\common\src\utils\factories.tsx","56:27","56:28","Parameter 'e' implicitly has an 'any' type, but a better type may be inferred from usage.","warning"
"native\common\src\utils\factories.tsx","32:68","32:76","Parameter 'navigate' implicitly has an 'any' type, but a better type may be inferred from usage.","warning"
"native\common\src\styles\colors.ts","449:28","449:31","'hex' is declared but its value is never read.","warning"
"native\common\src\styles\colors.ts","449:28","449:31","Variable 'hex' implicitly has an 'any' type, but a better type may be inferred from usage.","warning"
"native\common\src\styles\colors.ts","449:23","449:26","Variable 'rgb' implicitly has an 'any' type, but a better type may be inferred from usage.","warning"
"native\common\src\styles\colors.ts","449:18","449:21","Variable 'hsp' implicitly has an 'any' type, but a better type may be inferred from usage.","warning"
"native\common\src\styles\colors.ts","449:15","449:16","Variable 'b' implicitly has an 'any' type, but a better type may be inferred from usage.","warning"
"native\common\src\styles\colors.ts","449:12","449:13","Variable 'g' implicitly has an 'any' type, but a better type may be inferred from usage.","warning"
"native\common\src\styles\colors.ts","449:9","449:10","Variable 'r' implicitly has an 'any' type, but a better type may be inferred from usage.","warning"
"native\common\src\styles\colors.ts","446:32","446:37","Parameter 'color' implicitly has an 'any' type, but a better type may be inferred from usage.","warning"
"native\common\src\styles\colors.ts","33:105","37:3","Type '{ $bgcolor?: string | undefined; $bgcolorHover?: string | undefined; $bgcolorFocus?: string | ","error"
"native\common\src\styles\colors.ts","30:62","30:68","'_theme' is possibly 'undefined'.","error"
"native\common\src\styles\colors.ts","30:12","30:18","'_theme' is possibly 'undefined'.","error"
"native\common\src\styles\colors.ts","29:43","29:49","'_theme' is possibly 'undefined'.","error"
"native\common\src\styles\colors.ts","29:22","29:28","'_theme' is possibly 'undefined'.","error"
"native\common\src\utils\display.tsx","1143:25","1143:32","Rest parameter 'args' implicitly has an 'any[]' type, but a better type may be inferred from usage.","warning"
"native\common\src\utils\display.tsx","901:26","901:27","Parameter 'e' implicitly has an 'any' type, but a better type may be inferred from usage.","warning"
"native\common\src\utils\display.tsx","896:27","896:28","Parameter 'e' implicitly has an 'any' type, but a better type may be inferred from usage.","warning"
"native\common\src\utils\display.tsx","890:27","890:28","Parameter 'e' implicitly has an 'any' type, but a better type may be inferred from usage.","warning"
"native\common\src\utils\display.tsx","885:26","885:27","Parameter 'e' implicitly has an 'any' type, but a better type may be inferred from usage.","warning"
"native\common\src\utils\display.tsx","288:18","288:23","Parameter 'value' implicitly has an 'any' type, but a better type may be inferred from usage.","warning"
"native\common\src\utils\display.tsx","274:9","274:24","Variable 'promiseResolver' implicitly has an 'any' type, but a better type may be inferred from usag","warning"
"native\common\src\components\layout\box.tsx","67:44","67:45","Parameter 'e' implicitly has an 'any' type, but a better type may be inferred from usage.","warning"
"native\common\src\components\layout\box.tsx","61:44","61:45","Parameter 'e' implicitly has an 'any' type, but a better type may be inferred from usage.","warning"
"native\common\src\components\dataEntry\templates\toggleUITemplate.tsx","92:44","92:47","Parameter 'ref' implicitly has an 'any' type, but a better type may be inferred from usage.","warning"
"native\common\src\components\dataEntry\inputs\time.native.tsx","22:8","22:17","'theme' is declared but its value is never read.","warning"
"native\common\src\components\dataEntry\inputs\time.native.tsx","21:52","21:66","'htmlInputProps' is declared but its value is never read.","warning"
"native\common\src\components\dataEntry\inputs\time.native.tsx","20:11","20:33","All destructured elements are unused.","warning"
"native\common\src\components\dataEntry\inputs\time.native.tsx","19:55","19:65","'inputProps' is declared but its value is never read.","warning"
"native\common\src\components\dataEntry\inputs\select.tsx","162:40","162:43","Parameter 'ref' implicitly has an 'any' type, but a better type may be inferred from usage.","warning"
"native\common\src\components\dataEntry\inputs\select.tsx","89:28","89:29","Parameter 'e' implicitly has an 'any' type, but a better type may be inferred from usage.","warning"
"native\common\src\components\dataEntry\inputs\select.tsx","73:33","73:38","Parameter 'value' implicitly has an 'any' type, but a better type may be inferred from usage.","warning"
"native\common\src\components\dataEntry\inputs\select.tsx","61:45","61:50","Parameter 'index' implicitly has an 'any' type, but a better type may be inferred from usage.","warning"
"native\common\src\components\dataEntry\inputs\select.tsx","56:35","56:40","Parameter 'index' implicitly has an 'any' type, but a better type may be inferred from usage.","warning"
"native\common\src\components\dataEntry\inputs\phoneNumber.tsx","41:5","41:8","Parameter 'str' implicitly has an 'any' type, but a better type may be inferred from usage.","warning"
"native\common\src\components\dataEntry\inputs\phoneNumber.tsx","36:5","36:8","Parameter 'str' implicitly has an 'any' type, but a better type may be inferred from usage.","warning"
"native\common\src\components\dataEntry\inputs\phoneNumber.tsx","35:5","35:8","Parameter 'str' implicitly has an 'any' type, but a better type may be inferred from usage.","warning"
"native\common\src\components\dataEntry\inputs\name.tsx","13:31","13:36","Parameter 'value' implicitly has an 'any' type, but a better type may be inferred from usage.","warning"
"native\common\src\components\dataEntry\inputs\name.tsx","11:85","11:86","Parameter 'x' implicitly has an 'any' type, but a better type may be inferred from usage.","warning"
"native\common\src\components\dataEntry\inputs\name.tsx","11:25","11:28","Parameter 'str' implicitly has an 'any' type, but a better type may be inferred from usage.","warning"
"native\common\src\components\dataEntry\inputs\inputGroup.tsx","74:40","74:43","Parameter 'ref' implicitly has an 'any' type, but a better type may be inferred from usage.","warning"
"native\common\src\components\dataEntry\inputs\inputGroup.tsx","44:23","44:33","'childProps' is declared but its value is never read.","warning"
"native\common\src\components\dataEntry\inputs\email.tsx","46:32","46:35","Parameter 'str' implicitly has an 'any' type, but a better type may be inferred from usage.","warning"
"native\common\src\components\dataEntry\inputs\email.tsx","45:26","45:29","Parameter 'str' implicitly has an 'any' type, but a better type may be inferred from usage.","warning"
"native\common\src\components\dataEntry\inputs\email.tsx","44:28","44:31","Parameter 'str' implicitly has an 'any' type, but a better type may be inferred from usage.","warning"
"native\common\src\components\dataEntry\inputs\email.tsx","42:20","42:23","Parameter 'str' implicitly has an 'any' type, but a better type may be inferred from usage.","warning"
"native\common\src\components\dataEntry\inputs\email.tsx","41:21","41:24","Parameter 'str' implicitly has an 'any' type, but a better type may be inferred from usage.","warning"
"native\common\src\components\dataEntry\inputs\email.tsx","39:20","39:23","Parameter 'str' implicitly has an 'any' type, but a better type may be inferred from usage.","warning"
"native\common\src\components\dataEntry\inputs\email.tsx","21:17","21:20","Parameter 'str' implicitly has an 'any' type, but a better type may be inferred from usage.","warning"
"native\common\src\components\dataEntry\inputs\email.tsx","20:17","20:20","Parameter 'str' implicitly has an 'any' type, but a better type may be inferred from usage.","warning"
"native\common\src\components\dataEntry\inputs\email.tsx","19:17","19:20","Parameter 'str' implicitly has an 'any' type, but a better type may be inferred from usage.","warning"
"native\common\src\components\dataEntry\inputs\email.tsx","18:17","18:20","Parameter 'str' implicitly has an 'any' type, but a better type may be inferred from usage.","warning"
"native\common\src\components\dataEntry\inputs\email.tsx","17:17","17:20","Parameter 'str' implicitly has an 'any' type, but a better type may be inferred from usage.","warning"
"native\common\src\components\dataEntry\inputs\email.tsx","16:17","16:20","Parameter 'str' implicitly has an 'any' type, but a better type may be inferred from usage.","warning"
"native\common\src\components\dataEntry\inputs\email.tsx","15:17","15:20","Parameter 'str' implicitly has an 'any' type, but a better type may be inferred from usage.","warning"
"native\common\src\components\dataEntry\inputs\email.tsx","14:17","14:20","Parameter 'str' implicitly has an 'any' type, but a better type may be inferred from usage.","warning"
"native\common\src\components\dataEntry\inputs\date.tsx","48:40","48:45","Parameter 'value' implicitly has an 'any' type, but a better type may be inferred from usage.","warning"
"native\common\src\components\content\icon.tsx","89:31","89:32","Parameter 'e' implicitly has an 'any' type, but a better type may be inferred from usage.","warning"
"native\common\src\components\content\button.tsx","238:40","238:43","Parameter 'ref' implicitly has an 'any' type, but a better type may be inferred from usage.","warning"
"native\common\src\components\content\button.tsx","116:21","116:35","Parameter 'pressableState' implicitly has an 'any' type, but a better type may be inferred from usag","warning"
"native\common\src\components\complex\tabs.tsx","93:29","93:30","Parameter 'e' implicitly has an 'any' type, but a better type may be inferred from usage.","warning"
"native\common\src\components\complex\table\virtualGrid.tsx","1299:74","1299:86","Parameter 'screenHeight' implicitly has an 'any' type, but a better type may be inferred from usage.","warning"
"native\common\src\components\complex\table\virtualGrid.tsx","1277:70","1277:83","Parameter 'instanceProps' implicitly has an 'any' type, but a better type may be inferred from usage","warning"
"native\common\src\components\complex\table\virtualGrid.tsx","1277:59","1277:68","Parameter 'scrollTop' implicitly has an 'any' type, but a better type may be inferred from usage.","warning"
"native\common\src\components\complex\table\virtualGrid.tsx","1277:47","1277:57","Parameter 'startIndex' implicitly has an 'any' type, but a better type may be inferred from usage.","warning"
"native\common\src\components\complex\table\virtualGrid.tsx","1277:40","1277:45","Parameter 'props' implicitly has an 'any' type, but a better type may be inferred from usage.","warning"
"native\common\src\components\complex\table\virtualGrid.tsx","1274:55","1274:68","Parameter 'instanceProps' implicitly has an 'any' type, but a better type may be inferred from usage","warning"
"native\common\src\components\complex\table\virtualGrid.tsx","1274:44","1274:53","Parameter 'scrollTop' implicitly has an 'any' type, but a better type may be inferred from usage.","warning"
"native\common\src\components\complex\table\virtualGrid.tsx","1274:37","1274:42","Parameter 'props' implicitly has an 'any' type, but a better type may be inferred from usage.","warning"
"native\common\src\components\complex\table\virtualGrid.tsx","1256:74","1256:87","Parameter 'instanceProps' implicitly has an 'any' type, but a better type may be inferred from usage","warning"
"native\common\src\components\complex\table\virtualGrid.tsx","1256:62","1256:72","Parameter 'scrollLeft' implicitly has an 'any' type, but a better type may be inferred from usage.","warning"
"native\common\src\components\complex\table\virtualGrid.tsx","1256:50","1256:60","Parameter 'startIndex' implicitly has an 'any' type, but a better type may be inferred from usage.","warning"
"native\common\src\components\complex\table\virtualGrid.tsx","1256:43","1256:48","Parameter 'props' implicitly has an 'any' type, but a better type may be inferred from usage.","warning"
"native\common\src\components\complex\table\virtualGrid.tsx","1253:59","1253:72","Parameter 'instanceProps' implicitly has an 'any' type, but a better type may be inferred from usage","warning"
"native\common\src\components\complex\table\virtualGrid.tsx","1253:47","1253:57","Parameter 'scrollLeft' implicitly has an 'any' type, but a better type may be inferred from usage.","warning"
"native\common\src\components\complex\table\virtualGrid.tsx","1253:40","1253:45","Parameter 'props' implicitly has an 'any' type, but a better type may be inferred from usage.","warning"
"native\common\src\components\complex\table\virtualGrid.tsx","1227:5","1227:11","Parameter 'offset' implicitly has an 'any' type, but a better type may be inferred from usage.","warning"
"native\common\src\components\complex\table\virtualGrid.tsx","1226:5","1226:10","Parameter 'index' implicitly has an 'any' type, but a better type may be inferred from usage.","warning"
"native\common\src\components\complex\table\virtualGrid.tsx","1225:5","1225:18","Parameter 'instanceProps' implicitly has an 'any' type, but a better type may be inferred from usage","warning"
"native\common\src\components\complex\table\virtualGrid.tsx","1224:5","1224:10","Parameter 'props' implicitly has an 'any' type, but a better type may be inferred from usage.","warning"
"native\common\src\components\complex\table\virtualGrid.tsx","1223:5","1223:13","Parameter 'itemType' implicitly has an 'any' type, but a better type may be inferred from usage.","warning"
"native\common\src\components\complex\table\virtualGrid.tsx","1196:5","1196:11","Parameter 'offset' implicitly has an 'any' type, but a better type may be inferred from usage.","warning"
"native\common\src\components\complex\table\virtualGrid.tsx","1195:5","1195:8","Parameter 'low' implicitly has an 'any' type, but a better type may be inferred from usage.","warning"
"native\common\src\components\complex\table\virtualGrid.tsx","1194:5","1194:9","Parameter 'high' implicitly has an 'any' type, but a better type may be inferred from usage.","warning"
"native\common\src\components\complex\table\virtualGrid.tsx","1193:5","1193:18","Parameter 'instanceProps' implicitly has an 'any' type, but a better type may be inferred from usage","warning"
"native\common\src\components\complex\table\virtualGrid.tsx","1192:5","1192:13","Parameter 'itemSize' implicitly has an 'any' type, but a better type may be inferred from usage.","warning"
"native\common\src\components\complex\table\virtualGrid.tsx","1191:5","1191:13","Parameter 'itemType' implicitly has an 'any' type, but a better type may be inferred from usage.","warning"
"native\common\src\components\complex\table\virtualGrid.tsx","1146:36","1146:53","Variable 'lastMeasuredIndex' implicitly has an 'any' type, but a better type may be inferred from us","warning"
"native\common\src\components\complex\table\virtualGrid.tsx","1146:19","1146:34","Variable 'itemMetadataMap' implicitly has an 'any' type, but a better type may be inferred from usag","warning"
"native\common\src\components\complex\table\virtualGrid.tsx","1146:9","1146:17","Variable 'itemSize' implicitly has an 'any' type, but a better type may be inferred from usage.","warning"
"native\common\src\components\complex\table\virtualGrid.tsx","1145:59","1145:65","Parameter 'offset' implicitly has an 'any' type, but a better type may be inferred from usage.","warning"
"native\common\src\components\complex\table\virtualGrid.tsx","1145:44","1145:57","Parameter 'instanceProps' implicitly has an 'any' type, but a better type may be inferred from usage","warning"
"native\common\src\components\complex\table\virtualGrid.tsx","1145:37","1145:42","Parameter 'props' implicitly has an 'any' type, but a better type may be inferred from usage.","warning"
"native\common\src\components\complex\table\virtualGrid.tsx","1145:27","1145:35","Parameter 'itemType' implicitly has an 'any' type, but a better type may be inferred from usage.","warning"
"native\common\src\components\complex\table\virtualGrid.tsx","1088:5","1088:18","Parameter 'scrollbarSize' implicitly has an 'any' type, but a better type may be inferred from usage","warning"
"native\common\src\components\complex\table\virtualGrid.tsx","1087:5","1087:18","Parameter 'instanceProps' implicitly has an 'any' type, but a better type may be inferred from usage","warning"
"native\common\src\components\complex\table\virtualGrid.tsx","1086:5","1086:17","Parameter 'scrollOffset' implicitly has an 'any' type, but a better type may be inferred from usage.","warning"
"native\common\src\components\complex\table\virtualGrid.tsx","1085:5","1085:10","Parameter 'align' implicitly has an 'any' type, but a better type may be inferred from usage.","warning"
"native\common\src\components\complex\table\virtualGrid.tsx","1084:5","1084:10","Parameter 'index' implicitly has an 'any' type, but a better type may be inferred from usage.","warning"
"native\common\src\components\complex\table\virtualGrid.tsx","1083:5","1083:10","Parameter 'props' implicitly has an 'any' type, but a better type may be inferred from usage.","warning"
"native\common\src\components\complex\table\virtualGrid.tsx","1082:5","1082:13","Parameter 'itemType' implicitly has an 'any' type, but a better type may be inferred from usage.","warning"
"native\common\src\components\complex\table\virtualGrid.tsx","1070:46","1070:59","Parameter 'instanceProps' implicitly has an 'any' type, but a better type may be inferred from usage","warning"
"native\common\src\components\complex\table\virtualGrid.tsx","1070:39","1070:44","Parameter 'index' implicitly has an 'any' type, but a better type may be inferred from usage.","warning"
"native\common\src\components\complex\table\virtualGrid.tsx","1070:26","1070:37","Parameter 'columnWidth' implicitly has an 'any' type, but a better type may be inferred from usage.","warning"
"native\common\src\components\complex\table\virtualGrid.tsx","1067:47","1067:60","Parameter 'instanceProps' implicitly has an 'any' type, but a better type may be inferred from usage","warning"
"native\common\src\components\complex\table\virtualGrid.tsx","1067:40","1067:45","Parameter 'index' implicitly has an 'any' type, but a better type may be inferred from usage.","warning"
"native\common\src\components\complex\table\virtualGrid.tsx","1067:27","1067:38","Parameter 'columnWidth' implicitly has an 'any' type, but a better type may be inferred from usage.","warning"
"native\common\src\components\complex\table\virtualGrid.tsx","1064:42","1064:55","Parameter 'instanceProps' implicitly has an 'any' type, but a better type may be inferred from usage","warning"
"native\common\src\components\complex\table\virtualGrid.tsx","1064:35","1064:40","Parameter 'index' implicitly has an 'any' type, but a better type may be inferred from usage.","warning"
"native\common\src\components\complex\table\virtualGrid.tsx","1064:24","1064:33","Parameter 'rowHeight' implicitly has an 'any' type, but a better type may be inferred from usage.","warning"
"native\common\src\components\complex\table\virtualGrid.tsx","1061:42","1061:55","Parameter 'instanceProps' implicitly has an 'any' type, but a better type may be inferred from usage","warning"
"native\common\src\components\complex\table\virtualGrid.tsx","1061:35","1061:40","Parameter 'index' implicitly has an 'any' type, but a better type may be inferred from usage.","warning"
"native\common\src\components\complex\table\virtualGrid.tsx","1061:24","1061:33","Parameter 'rowHeight' implicitly has an 'any' type, but a better type may be inferred from usage.","warning"
"native\common\src\components\complex\table\virtualGrid.tsx","1023:78","1023:91","Parameter 'instanceProps' implicitly has an 'any' type, but a better type may be inferred from usage","warning"
"native\common\src\components\complex\table\virtualGrid.tsx","1023:53","1023:61","Parameter 'itemSize' implicitly has an 'any' type, but a better type may be inferred from usage.","warning"
"native\common\src\components\complex\table\virtualGrid.tsx","992:34","992:45","Parameter 'columnCount' implicitly has an 'any' type, but a better type may be inferred from usage.","warning"
"native\common\src\components\complex\table\virtualGrid.tsx","971:35","971:43","Parameter 'rowCount' implicitly has an 'any' type, but a better type may be inferred from usage.","warning"
"native\common\src\components\complex\table\virtualGrid.tsx","924:4","924:17","Parameter 'setNewIndices' implicitly has an 'any' type, but a better type may be inferred from usage","warning"
"native\common\src\components\complex\table\virtualGrid.tsx","266:32","266:41","Parameter 'direction' implicitly has an 'any' type, but a better type may be inferred from usage.","warning"
"native\common\src\components\complex\table\virtualGrid.tsx","234:38","234:39","Parameter 'i' implicitly has an 'any' type, but a better type may be inferred from usage.","warning"
"native\common\src\components\complex\table\virtualGrid.tsx","230:36","230:37","Parameter 'i' implicitly has an 'any' type, but a better type may be inferred from usage.","warning"
"native\common\src\components\complex\table\virtualGrid.tsx","218:42","218:43","Parameter 'e' implicitly has an 'any' type, but a better type may be inferred from usage.","warning"
"native\common\src\components\complex\table\index.tsx","56:30","56:32","Parameter 'ci' implicitly has an 'any' type, but a better type may be inferred from usage.","warning"
"native\common\src\components\complex\table\index.tsx","52:28","52:30","Parameter 'ri' implicitly has an 'any' type, but a better type may be inferred from usage.","warning"
"native\common\src\components\complex\table\genericGrid.tsx","65:53","65:54","'r' is declared but its value is never read.","warning"
"native\common\src\components\complex\table\genericGrid.tsx","58:37","58:38","'c' is declared but its value is never read.","warning"
"native\common\src\components\complex\table\buildCells.tsx","485:24","485:25","Parameter 'b' implicitly has an 'any' type, but a better type may be inferred from usage.","warning"
"native\common\src\components\complex\table\buildCells.tsx","485:21","485:22","Parameter 'a' implicitly has an 'any' type, but a better type may be inferred from usage.","warning"
"native\common\src\components\complex\table\buildCells.tsx","485:13","485:15","Parameter 'ci' implicitly has an 'any' type, but a better type may be inferred from usage.","warning"
"native\common\src\components\complex\table\buildCells.tsx","480:23","480:24","Parameter 'b' implicitly has an 'any' type, but a better type may be inferred from usage.","warning"
"native\common\src\components\complex\table\buildCells.tsx","480:20","480:21","Parameter 'a' implicitly has an 'any' type, but a better type may be inferred from usage.","warning"
"native\common\src\components\complex\table\buildCells.tsx","480:12","480:14","Parameter 'ci' implicitly has an 'any' type, but a better type may be inferred from usage.","warning"
"native\common\src\components\complex\table\buildCells.tsx","248:112","248:114","'ci' is declared but its value is never read.","warning"
"native\common\src\components\complex\table\buildCells.tsx","213:64","213:73","Parameter 'isChecked' implicitly has an 'any' type, but a better type may be inferred from usage.","warning"
"native\common\src\components\complex\stepper.tsx","138:20","138:30","'otherProps' is declared but its value is never read.","warning"
"native\common\src\components\complex\stepper.tsx","87:27","87:28","Parameter 'i' implicitly has an 'any' type, but a better type may be inferred from usage.","warning"
"native\common\src\components\complex\portal.tsx","49:62","49:63","Parameter 'l' implicitly has an 'any' type, but a better type may be inferred from usage.","warning"
"native\common\src\components\complex\portal.tsx","46:16","46:24","Parameter 'listener' implicitly has an 'any' type, but a better type may be inferred from usage.","warning"
"native\common\src\components\complex\portal.tsx","39:51","39:52","Parameter 'p' implicitly has an 'any' type, but a better type may be inferred from usage.","warning"
"native\common\src\components\complex\portal.tsx","38:19","38:25","Parameter 'portal' implicitly has an 'any' type, but a better type may be inferred from usage.","warning"
"native\common\src\components\complex\portal.tsx","33:55","33:56","Parameter 'p' implicitly has an 'any' type, but a better type may be inferred from usage.","warning"
"native\common\src\components\complex\portal.tsx","29:16","29:22","Parameter 'portal' implicitly has an 'any' type, but a better type may be inferred from usage.","warning"
"native\common\src\components\complex\popup.tsx","511:36","511:51","Parameter 'shouldBeVisible' implicitly has an 'any' type, but a better type may be inferred from usa","warning"
"native\common\src\components\complex\popup.tsx","389:28","389:29","Parameter 'e' implicitly has an 'any' type, but a better type may be inferred from usage.","warning"
"native\common\src\components\complex\popup.tsx","385:25","385:26","Parameter 'e' implicitly has an 'any' type, but a better type may be inferred from usage.","warning"
"native\common\src\components\complex\popup.tsx","381:24","381:25","Parameter 'e' implicitly has an 'any' type, but a better type may be inferred from usage.","warning"
"native\common\src\components\complex\popup.tsx","370:32","370:33","Parameter 'e' implicitly has an 'any' type, but a better type may be inferred from usage.","warning"
"native\common\src\components\complex\popup.tsx","364:31","364:32","Parameter 'e' implicitly has an 'any' type, but a better type may be inferred from usage.","warning"
"native\common\src\components\complex\popup.tsx","185:76","185:77","'y' is declared but its value is never read.","warning"
"native\common\src\components\complex\popup.tsx","185:73","185:74","'x' is declared but its value is never read.","warning"
